image_filename,ground_truth_found,error_message,gt_question,ocr_question,question_CER,question_WER,gt_answer_A,ocr_answer_A,answer_A_CER,answer_A_WER,gt_answer_B,ocr_answer_B,answer_B_CER,answer_B_WER,gt_answer_C,ocr_answer_C,answer_C_CER,answer_C_WER,gt_answer_D,ocr_answer_D,answer_D_CER,answer_D_WER
image_01.png,True,,The Wizarding Wireless Network broadcasts on what Muggle technology?,The Wizarding Wireless Network broadcasts on what Muggle technology?,0.0,0.0,Television,Television,0.0,0.0,Microwave,Microwave,0.0,0.0,Radio,Radio,0.0,0.0,Microphone,Microphone,0.0,0.0
image_02.png,True,,Which of the following is NOT a Muggle leisure activity?,Which of the following is NOT a Muggle leisure activity?,0.0,0.0,Ditch Digging,Ditch Digging,0.0,0.0,Fishing,Fishing,0.0,0.0,Reading,Reading,0.0,0.0,Watching Television,Watching Television,0.0,0.0
image_03.png,True,,Who or what is an internet troll?,Who or what is an internet troll?,0.0,0.0,A Person Who Posts Inflammatory Messages Online,A Person Who Posts Inflammatory Messages Online,0.0,0.0,A Troll That's Famous on the Internet,A Troll That's Famous on the Internet,0.0,0.0,A Person Who Is Bad at Using a Computer,A Person Who Is Bad at Using a Computer,0.0,0.0,A Troll Who Has Access to a Computer,A Troll Who Has Access to a Computer,0.0,0.0
image_04.png,True,,"If a Muggle wanted to get in contact with someone, how might they do it?","If a Muggle wanted to get in contact with someone, how might they do it?",0.0,0.0,Send an Owl,Send an Owl,0.0,0.0,Call Them on a Phone,Call Them on a Phone,0.0,0.0,Use a Two-Way Mirror,Use a Two-Way Mirror,0.0,0.0,Conjure Their Patronus,Conjure Their Patronus,0.0,0.0
image_05.png,True,,What do Muggles mistake Knarls for?,What do Muggles mistake Knarls for?,0.0,0.0,Crabs,Crabs,0.0,0.0,Hedgehogs,Hedgehogs,0.0,0.0,Mice,Mice,0.0,0.0,Echidnas,Echidnas,0.0,0.0
image_06.png,True,,What is the major exception to the Wizarding community's general aversion to Muggle technology?,What is the major exception to the Wizarding community's general aversion to Muggle technology?,0.0,0.0,Plane,Plane,0.0,0.0,Television,Television,0.0,0.0,Cars,Cars,0.0,0.0,Telephone,Telephone,0.0,0.0
image_07.png,True,,Which of the following is NOT a Muggle instrument?,Which of the following is NOT a Muggle instrument?,0.0,0.0,Mouth-Organ,Mouth-Organ,0.0,0.0,Dissimulator,Dissimulator,0.0,0.0,Xylophone,Xylophone,0.0,0.0,Harp,Harp-,0.25,1.0
image_08.png,True,,Which of the following is NOT a Muggle card game?,Which of the following is NOT a Muggle card game?,0.0,0.0,Go Fish,Go Fish,0.0,0.0,Old Maid,Old Maid,0.0,0.0,Solitaire,Solitaire,0.0,0.0,Exploding Snap,Exploding Snap,0.0,0.0
image_09.png,True,,What Muggle technology cleans dirty dishes and cookware?,What Muggle technology cleans dirty dishes and cookware?,0.0,0.0,Pressure Washer,Pressure Washer,0.0,0.0,Washing Machine,Washing Machine,0.0,0.0,Dishwashing Gloves,Dishwashing Gloves,0.0,0.0,Dishwasher,Dishwasher,0.0,0.0
image_10.png,True,,What must Muggles do before mailing their post to ensure it's delivered?,What must Muggles do before mailing their post to ensure it's delivered?,0.0,0.0,Choose a Suitable Owl,Choose a Suitable Owl,0.0,0.0,Bribe a Postman,Bribe a Postman,0.0,0.0,Attach a Stamp,Attach a Stamp,0.0,0.0,Do the Hokey Pokey,Do the Hokey Pokey,0.0,0.0
image_100.png,True,,What Muggle writer is known as 'The Father of History'?,What Muggle writer is known as The Father of History'?,0.01818181818181818,0.1,Bathilda Bagshot,Bathilda Bagshot,0.0,0.0,Herodotus,Herodotus,0.0,0.0,Livy,Livy,0.0,0.0,Historia,Historia,0.0,0.0
image_101.png,True,,"Which UK government official is informed of the existence of magic, despite being a Muggle?","Which UK government official is informed of the existence of magic, despite being a Muggle?",0.0,0.0,Leader of the House,Leader of the House,0.0,0.0,Lord Chancellor,Lord Chancellor,0.0,0.0,Prime Minister,Prime Minister,0.0,0.0,Lord Speaker,Lord Speaker,0.0,0.0
image_102.png,True,,Which of these creatures are NOT fictional to Muggles?,Which of these creatures are NOT fictional to Muggles?,0.0,0.0,Dragons,Dragons,0.0,0.0,Narwhals,Narwhals,0.0,0.0,Unicorns,Unicorns,0.0,0.0,Kelpies,Kelpies,0.0,0.0
image_103.png,True,,Which of the following Muggle inventions have effects that cannot be duplicated FULLY by magic?,Which of the following Muggle inventions have effects that cannot be duplicated FULLY by magic?,0.0,0.0,Car,Car,0.0,0.0,Telephone,Telephone,0.0,0.0,Television,Television,0.0,0.0,Aeroplane,Aeroplane,0.0,0.0
image_104.png,True,,What do Muggles use cocktail umbrellas for?,What do Muggles use cocktail umbrellas for?,0.0,0.0,Shielding Drinks From the Rain,Shielding Drinks From the Rain,0.0,0.0,As Wands,As Wands,0.0,0.0,Transporting Themselves to Tropical Islands,Transporting Themselves to Tropical Islands,0.0,0.0,Garnishing Drinks,Garnishing Drinks,0.0,0.0
image_105.png,True,,Which of the following is not a common writing tool for modern Muggles?,Which of the following is not a common writing tool for modern Muggles?,0.0,0.0,Quill,Quill,0.0,0.0,Marker,Marker,0.0,0.0,Pen,Pen,0.0,0.0,Pencil,Pencil,0.0,0.0
image_106.png,True,,What do Muggles use to lift and transport heavy things?,What do Muggles use to lift and transport heavy things?,0.0,0.0,Levitation Charm,Levitation Charm,0.0,0.0,Willpower,Willpower,0.0,0.0,Cranes,Cranes,0.0,0.0,Elephants,Elephants,0.0,0.0
image_107.png,True,,In which Muggle sport does one 'hit a home run'?,In which Muggle sport does one 'hit a home run'?,0.0,0.0,Baseball,Baseball,0.0,0.0,Football,Football,0.0,0.0,Basketball,Basketball,0.0,0.0,Cricket,Cricket,0.0,0.0
image_108.png,True,,A Pumpkin is a type of edible plant. Which of the following is not a characteristic of Pumpkins?,A Pumpkin is a type of edible plant. Which of the following is not a characteristic of Pumpkins?,0.0,0.0,They Are a Trailing Plant,They Are a Trailing Plant,0.0,0.0,They Belong to the Cucurbitaceae Family,They Belong to the Cucurbitaceae Family,0.0,0.0,The Leaves Are Scale-Shaped,The Leaves Are Scale-Shaped,0.0,0.0,They Are Monoecious,They Are Monoecious,0.0,0.0
image_109.png,True,,Which physicist and chemist fundamentally changed Muggles' understanding of radioactivity?,Which physicist and chemist fundamentally changed Muggles' understanding of radioactivity?,0.0,0.0,Rosalind Franklin,Rosalind Franklin,0.0,0.0,Albert Einstein,Albert Einstein,0.0,0.0,Louis Pasteur,Louis Pasteur,0.0,0.0,Marie Curie,Marie Curie,0.0,0.0
image_11.png,True,,Which of the following would NOT be a section in a Muggle newspaper?,Which of the following would NOT be a section in a Muggle newspaper?,0.0,0.0,National News,National News,0.0,0.0,Sports,Sports,0.0,0.0,Classifieds,Classifieds,0.0,0.0,Showizbiz,Showizbiz,0.0,0.0
image_110.png,True,,Suppose a Muggle has to use artificial respiration to save the life of an injured person. Which of the following is wrong?,Suppose a Muggle has to use artificial respiration to save the life of an injured person. Which of the following is wrong?,0.0,0.0,Clean the Mouth and Nose of Dirt,Clean the Mouth and Nose of Dirt,0.0,0.0,Make a Racket,Make a Racket,0.0,0.0,Loosen Clothing,Loosen Clothing,0.0,0.0,Put the Injured Person in a Ventilated Place,Put the Injured Person in a Ventilated Place,0.0,0.0
image_111.png,True,,"In Muggle geography, what is the longest mountain range?","In Muggle geography, what is the longest mountain range?",0.0,0.0,Andes,Andes,0.0,0.0,Alps,Alps,0.0,0.0,Rocky Mountains,Rocky Mountains,0.0,0.0,Himalayas,Himalayas,0.0,0.0
image_112.png,True,,Muggles founded the World Wildlife Fund to promote environmental protection. What is the animal in their logo?,Muggles founded the World Wildlife Fund to promote environmental protection. What is the animal in their logo?,0.0,0.0,Snow Leopard,Snow Leopard,0.0,0.0,Reindeer,Reindeer,0.0,0.0,Tiger,Tiger,0.0,0.0,Panda,Panda,0.0,0.0
image_113.png,True,,What Muggle writer is known as 'The Father of History'?,What Muggle writer is known as The Father of History'?,0.01818181818181818,0.1,Historia,Historia,0.0,0.0,Herodotus,Herodotus,0.0,0.0,Livy,Livy,0.0,0.0,Bathilda Bagshot,Bathilda Bagshot,0.0,0.0
image_114.png,True,,What is a Trampoline used for?,What is a Trampoline used for?,0.0,0.0,Spying on Neighbour's Gardens,Spying on Neighbour's Gardens,0.0,0.0,Teaching Children How to Levitate,Teaching Children How to Levitate,0.0,0.0,Bouncing Oneself Into the Air,Bouncing Oneself Into the Air,0.0,0.0,Flattening Garden Soil,Flattening Garden Soil,0.0,0.0
image_115.png,True,,Which of the following would NOT be a common fixture in Muggle homes?,Which of the following would NOT be a common fixture in Muggle homes?,0.0,0.0,A Pair of Self-Knitting Needles,A Pair of Self-Knitting Needles,0.0,0.0,A Vacuum Cleaner,A Vacuum Cleaner,0.0,0.0,A Toilet,A Toilet,0.0,0.0,A Television,A Television,0.0,0.0
image_116.png,True,,A book written by the Muggle scientist Albert Einstein mentions the hypothesis of travelling through space and time without using a Time-Turner. What is the name of this book?,A book written by the Muggle scientist Albert Einstein mentions the hypothesis of travelling through space and time without using a Time-Turner. What is the name of this book?,0.0,0.0,A Theory of Electromagnetism,Theory of Electromagnetism,0.07142857142857142,0.25,Philosophiae Naturalis Principia Mathematica,Philosophia Naturalis Principia Mathematica,0.022727272727272728,0.25,Euclid's Elements,Euclid's Elements,0.0,0.0,Relativity: The Special and General Theory,Relativity The Special and General Theory,0.023809523809523808,0.16666666666666666
image_117.png,True,,How do Muggles regulate the temperature of their home?,How do Muggles regulate the temperature of their home?,0.0,0.0,Atmospheric Charm,Atmospheric Charm,0.0,0.0,Heating and Air Conditioning,Heating and Air Conditioning,0.0,0.0,Freezer,Freezer,0.0,0.0,Dry Ice,Dry Ice,0.0,0.0
image_118.png,True,,One Galleon is worth approximately how many British pounds?,One Galleon is worth approximately how many British pounds?,0.0,0.0,10,10,0.0,0.0,5,5,0.0,0.0,1,,1.0,1.0,15,15,0.0,0.0
image_119.png,True,,The 828-metre tall Burj Khalifa is a great feat of Muggle architecture. Which city is it located in?,The 828-metre tall Burj Khalifa is a great feat of Muggle architecture. Which city is it located in?,0.0,0.0,Sydney,Sydney,0.0,0.0,Seoul,Seoul,0.0,0.0,Dubai,Dubai,0.0,0.0,Los Angeles,Los Angeles,0.0,0.0
image_12.png,True,,What is a microphone?,What is a microphone?,0.0,0.0,A Stick Imbued With the Amplifying Charm,A-Stick Imbued With the Amplifying Charm,0.025,0.2857142857142857,"A Device That Amplifies, Transmits, and Records Sounds","A. Device-That Amplifies, Transmits, and Records Sounds",0.037037037037037035,0.375,A Device That Detects Bad Breath,A Device That Detects Bad Breath,0.0,0.0,A Very Small Telephone,AVery Small Telephone,0.045454545454545456,0.5
image_120.png,True,,The 828-metre tall Burj Khalifa is a great feat of Muggle architecture. Which city is it located in?,The 828-metre tall Burj Khalifa is a great feat of Muggle architecture. Which city is it located in?,0.0,0.0,Sydney,Sydney,0.0,0.0,Seoul,Seoul,0.0,0.0,Dubai,Dubai,0.0,0.0,Los Angeles,Los Angeles,0.0,0.0
image_121.png,True,,What do Muggles use instead of Caterwauling Charms to protect their homes from burglars?,What do Muggles use instead of Caterwauling Charms to protect their homes from burglars?,0.0,0.0,Home Security Systems,Home Security Systems,0.0,0.0,Security Trolls,Security Trolls,0.0,0.0,Three-Headed Dogs,Three-Headed Dogs,0.0,0.0,Loud Birds,Loud Birds,0.0,0.0
image_122.png,True,,Basketball players score by shooting what into what?,Basketball players score by shooting what into what?,0.0,0.0,A Ball Into a High Basket,A Ball Into a High Basket,0.0,0.0,A Bat Into a Basket,A Bat Into a Basket,0.0,0.0,A Ball Into a Bathtub,A Ball Into a Bathtub,0.0,0.0,A Puck Into a Pillowcase,A Puck Into a Pillowcase,0.0,0.0
image_123.png,True,,What is sonar?,What is sonar?,0.0,0.0,A Device That Detects Objects On or Under Water,A Device That Detects Objects On or Under Water,0.0,0.0,A Device That Cleans Ears,A Device That Cleans Ears,0.0,0.0,An Instrument,An Instrument,0.0,0.0,A Mechanical Dolphin,A Mechanical Dolphin,0.0,0.0
image_124.png,True,,Where might you find an automatic ticketmachine?,Where might you find an automatic ticketmachine?,0.0,0.0,Police Station,Police Station,0.0,0.0,Train Station,Train Station,0.0,0.0,Voting Booth,Voting Booth,0.0,0.0,Book Store,Book Store,0.0,0.0
image_125.png,True,,What do Muggle use flippers for?,What do Muggle use flippers for?,0.0,0.0,Potion-Making,Potion-Making,0.0,0.0,Turning Into Fish,Turning Into Fish,0.0,0.0,Flipping Tables,Flipping Tables,0.0,0.0,Swimming Underwater,Swimming Underwater,0.0,0.0
image_126.png,True,,Which of the following subjects would NOT be part of a Muggle school's curriculum?,Which of the following subjects would NOT be part of a Muggle school's curriculum?,0.0,0.0,History,History,0.0,0.0,Arithmancy,Arithmancy,0.0,0.0,Language,Language,0.0,0.0,Science,Science,0.0,0.0
image_127.png,True,,Which of the following magical inventions does NOT have a Muggle technological equivalent?,Which of the following magical inventions does NOT have a Muggle technological equivalent?,0.0,0.0,Time-Turners,Time-Turners,0.0,0.0,Mrs Skower's All-Purpose Magical Mess Remover,Mrs Skower's All-Purpose Magical Mess Remover,0.0,0.0,Self-Ironing Robes,Self-Ironing Robes,0.0,0.0,Omnioculars,Omnioculars,0.0,0.0
image_128.png,True,,What is a lighter?,What is a lighter?,0.0,0.0,A Device That Decreases the Mass of Objects,A Device That Decreases the Mass of Objects,0.0,0.0,A Portable Flame Generator,A Portable Flame Generator,0.0,0.0,Exercise Equipment for Thumbs,Exercise Equipment for Thumbs,0.0,0.0,A Muggle Tasked With Turning on Lights,A Muggle Tasked With Turning on Lights,0.0,0.0
image_129.png,True,,What magical creatures get featured in Muggle newspapers so frequently that a league exists to Obliviate Muggles who see them?,What magical creatures get featured in Muggle newspapers SO frequently that a league exists to Obliviate Muggles who see them?,0.015873015873015872,0.05,Unicorns,Unicorns,0.0,0.0,Snallygasters,Snallygasters,0.0,0.0,Dragons,Dragons,0.0,0.0,Wampus Cats,Wampus Cats,0.0,0.0
image_13.png,True,,A recliner is what kind of furniture?,A recliner is what kind of furniture?,0.0,0.0,A Couch,A Couch,0.0,0.0,A Table,A Table,0.0,0.0,A Chair,A Chair,0.0,0.0,A Bed,A Bed,0.0,0.0
image_130.png,True,,Muggles use robots for all but which of the following?,Muggles use robots for all but which of the following?,0.0,0.0,Diffusing Bombs,Diffusing Bombs,0.0,0.0,Cutting Hair,Cutting Hair,0.0,0.0,Cleaning Floors,Cleaning Floors,0.0,0.0,Building Cars,Building Cars,0.0,0.0
image_131.png,True,,What is 'e-mail'?,What is 'e-mail'?,0.0,0.0,A Post Written by House-Elves,Post Written by House-Elves,0.06896551724137931,0.2,Letters Sent Using Eagles,Letters Sent Using Eagles,0.0,0.0,Extremely Important Post,Extremely Important Post,0.0,0.0,Messages Sent Using Electronic Devices,Messages Sent Using Electronic Devices,0.0,0.0
image_132.png,True,,What might a cowboy use as transportation?,What might a cowboy use as transportation?,0.0,0.0,A Cow,A Cow,0.0,0.0,A Horse,A Horse,0.0,0.0,A Skateboard,A Skateboard,0.0,0.0,A Hippogriff,A Hippogriff,0.0,0.0
image_133.png,True,,What do Muggles use vacuum cleaners for?,What do Muggles use vacuum cleaners for?,0.0,0.0,Capturing Doxies,Capturing Doxies,0.0,0.0,Storing Valuables,Storing Valuables,0.0,0.0,Cleaning Their Vacuums,Cleaning Their Vacuums,0.0,0.0,Removing Dust and Dirt,Removing Dust and Dirt,0.0,0.0
image_134.png,True,,What do Muggles use cocktail umbrellas for?,What do Muggles use cocktail umbrellas for?,0.0,0.0,As Wands,As Wands,0.0,0.0,Garnishing Drinks,Garnishing Drinks,0.0,0.0,Transporting Themselves to Tropical Islands,Transporting Themselves to Tropical Islands,0.0,0.0,Shielding Drinks From the Rain,Shielding Drinks From the Rain,0.0,0.0
image_135.png,True,,Which of the following is NOT an appropriate pet to give a Muggle?,Which of the following is NOT an appropriate pet to give a Muggle?,0.0,0.0,Cat,Cat,0.0,0.0,Dog,Dog,0.0,0.0,Goldfish,Goldfish,0.0,0.0,Alligator,Alligator,0.0,0.0
image_136.png,True,,Which of the following is not one of the four major tragedies written by Muggle playwright William Shakespeare?,Which of the following is not one of the four major tragedies written by Muggle playwright William Shakespeare?,0.0,0.0,King Lear,King Lear,0.0,0.0,Hamlet,Hamlet,0.0,0.0,Macbeth,Macbeth,0.0,0.0,The Merchant of Venice,The Merchant of Venice,0.0,0.0
image_137.png,True,,What is a plunger?,What is a plunger?,0.0,0.0,A Deep Sea Fish,A Deep Sea Fish,0.0,0.0,A Device Used to Clear Pipes,A Device Used to Clear Pipes,0.0,0.0,A Muggle Beverage,A Muggle Beverage,0.0,0.0,A Muggle Acrobat,A Muggle Acrobat,0.0,0.0
image_138.png,True,,Which instrument allows Muggles to examine objects that are too small to be seen by the naked eye?,Which instrument allows Muggles to examine objects that are too small to be seen by the naked eye?,0.0,0.0,Sneakoscope,Sneakoscope,0.0,0.0,Microscope,Microscope,0.0,0.0,Trombone,Trombone,0.0,0.0,Telescope,Telescope,0.0,0.0
image_139.png,True,,"Which Muggle musician composed the orchestral piece, Prélude à l'après-midi d'un faune?","Which Muggle musician composed the orchestral piece, Prlude l'aprs-midi d'un faune?",0.04597701149425287,0.25,Frédéric Chopin,Frdric Chopin,0.13333333333333333,0.5,Robert Schumann,Robert Schumann,0.0,0.0,Claude Debussy,Claude Debussy,0.0,0.0,Ludwig van Beethoven,Ludwig van Beethoven,0.0,0.0
image_14.png,True,,"According to the Institute of Muggle Studies, which of the following statements about Muggles is FALSE?","According to the Institute of Muggle Studies, which of the following statements about Muggles are FALSE?",0.02912621359223301,0.0625,They Are Inferior to Wizards,They Are Inferior to Wizards,0.0,0.0,"If They Have a Wand, It Is Possible to Do Simple Magic","If They Have a Wand, It Is Possible to Do Simple Magic",0.0,0.0,They Can See Magical Creatures,They Can See Magical Creatures,0.0,0.0,They Can Inadvertently Stumble Upon Magically Protected Areas,They Can Inadvertently Stumble Upon Magically Protected Areas,0.0,0.0
image_140.png,True,,"According to Muggle biology classifications, which of the following animals does not belong in the feline family?","According to Muggle biology classifications, which of the following animals does not belong in the feline family?",0.0,0.0,Pallas' Cat,Pallas' Cat,0.0,0.0,Cheetah,Cheetah,0.0,0.0,Lynx,Lynx,0.0,0.0,Owl,Owl,0.0,0.0
image_141.png,True,,Playgrounds may feature all but which of the following?,Playgrounds may feature all but which of the following?,0.0,0.0,Alligator Pit,Alligator Pit,0.0,0.0,Slide,Slide,0.0,0.0,Seesaw,Seesaw,0.0,0.0,Swing Set,Swing Set,0.0,0.0
image_142.png,True,,Which of the following famous Witches and Wizards is Muggle-born?,Which of the following famous Witches and Wizards is Muggle-born?,0.0,0.0,Albus Dumbledore,Albus Dumbledore,0.0,0.0,Newt Scamander,Newt Scamander,0.0,0.0,Hermione Granger,Hermione Granger,0.0,0.0,Salazar Slytherin,Salazar Slytherin,0.0,0.0
image_143.png,True,,What magical creature did American Wizards use to keep to give them an early warning about approaching Muggles?,What magical creature did American Wizards use to keep to give them an early warning about approaching Muggles?,0.0,0.0,Plimpy,Plimpy,0.0,0.0,Troll,Troll,0.0,0.0,Clabbert,Clabbert,0.0,0.0,Fwooper,Fwooper,0.0,0.0
image_144.png,True,,How do Muggle photographs differ from Wizarding ones?,How do Muggle photographs differ from Wizarding ones?,0.0,0.0,They Don't Move,They Don't Move,0.0,0.0,They Talk,They Talk,0.0,0.0,They Aren't in Colour,They Aren't in Colour,0.0,0.0,They Change Shape,They Change Shape,0.0,0.0
image_145.png,True,,When did the first motion picture with sound premier?,When did the first motion picture with sound premier?,0.0,0.0,1930,1930,0.0,0.0,1924,1924,0.0,0.0,1913,1913,0.0,0.0,1927,1927,0.0,0.0
image_146.png,True,,Which of the following is NOT a famous Muggle artist from the Renaissance era?,Which of the following is NOT a famous Muggle artist from the Renaissance era?,0.0,0.0,Nicolas Flamel,Nicolas Flamel,0.0,0.0,Raphael,Raphael,0.0,0.0,Leonardo da Vinci,Leonardo da Vinci,0.0,0.0,Michelangelo,Michelangelo,0.0,0.0
image_147.png,True,,"If you wanted to prevent Muggles from seeing or entering an area, what Spell would you use?","If you wanted to prevent Muggles from seeing or entering an area, what Spell would you use?",0.0,0.0,Muggle-Repelling Charm,Muggle-Repelling Charm,0.0,0.0,Impediment Jinx,Impediment Jinx,0.0,0.0,Levicorpus,Levicorpus,0.0,0.0,Locomotion Charm,Locomotion Charm,0.0,0.0
image_148.png,True,,Which of the following magical inventions does NOT have a Muggle technological equivalent?,Which of the following magical inventions does NOT have a Muggle technological equivalent?,0.0,0.0,Time-Turners,Time-Turners,0.0,0.0,Omnioculars,Omnioculars,0.0,0.0,Mrs Skower's All-Purpose Magical Mess Remover,Mrs Skower's All-Purpose Magical Mess Remover,0.0,0.0,Self-Ironing Robes,Self Ironing Robes,0.05555555555555555,1.0
image_149.png,True,,What body part do Muggles put headphones on?,What body part do Muggles put headphones on?,0.0,0.0,Neck,Neck,0.0,0.0,Eyes,Eyes,0.0,0.0,Ears,Ears,0.0,0.0,Mouth,Mouth,0.0,0.0
image_15.png,True,,What is a pogo stick used for?,What is a pogo stick used for?,0.0,0.0,Jumping Up and Down,Jumping Up and Down,0.0,0.0,Herding Cattle,Herding Cattle,0.0,0.0,Accumulating Wealth,Accumulating Wealth,0.0,0.0,Mixing Drinks,Mixing Drinks,0.0,0.0
image_150.png,True,,Which of the following is not a common writing tool for modern Muggles?,Which of the following is not a common writing tool for modern Muggles?,0.0,0.0,Quill,Quill,0.0,0.0,Marker,Marker,0.0,0.0,Pencil,Pencil,0.0,0.0,Pen,Pen,0.0,0.0
image_151.png,True,,Which of the following is NOT a Muggle joke product?,Which of the following is NOT a Muggle joke product?,0.0,0.0,Snake in a Can,Snake in a Can,0.0,0.0,Belch Powder,Belch Powder,0.0,0.0,Squirting Flowers,Squirting Flowers,0.0,0.0,Shocking Pens,Shocking Pens,0.0,0.0
image_152.png,True,,What are magicians?,What are magicians?,0.0,0.0,Muggle Entertainers Who Performs Tricks That Mimic Magic,Muggle Entertainers Who Performs Tricks That Mimic Magic,0.0,0.0,Modern Day Witch Hunters,Modern Day Witch Hunters,0.0,0.0,Muggles Who Love Magma,Muggles Who Love Magma,0.0,0.0,Muggles Who Know About the Existence of Magic,Muggles Who Know About the Existence of Magic,0.0,0.0
image_153.png,True,,What is the purpose of a hula hoop?,What is the purpose of a hula hoop?,0.0,0.0,Laundry,Laundry,0.0,0.0,Warfare,Warfare,0.0,0.0,Entertainment,Entertainment,0.0,0.0,Hypnosis,Hypnosis,0.0,0.0
image_154.png,True,,Who or what is an emoji?,Who or what is an emoji?,0.0,0.0,A Digital Icon Used to Express an Idea or Emotion,A Digital Icon Used to Express an Idea or Emotion,0.0,0.0,An Emotional Person,An Emotional Person,0.0,0.0,A Form of Transportation,A Form of' Transportation,0.041666666666666664,0.25,A Language Composed Entirely of Pictures,A Language Composed Entirely of Pictures,0.0,0.0
image_155.png,True,,What do Muggles use curling irons on?,What do Muggles use curling irons on?,0.0,0.0,Bow Ties,Bow Ties,0.0,0.0,Their Lawns,Their Lawns,0.0,0.0,Their Cats' Tails,Their Cats' Tails,0.0,0.0,Their Hair,Their Hair,0.0,0.0
image_156.png,True,,The Muggle Protection Act was designed to protect Muggles from what?,The Muggle Protection Act was designed to protect Muggles from what?,0.0,0.0,Dangerous Magical Creatures,Dangerous Magical Creatures,0.0,0.0,Errant Bludgers,Errant Bludgers,0.0,0.0,Dark Wizards,Dark Wizards,0.0,0.0,Harmful Magical Artefacts,Harmful Magical Artefacts,0.0,0.0
image_157.png,True,,"In Muggle geography, what is the longest mountain range?","In Muggle geography, what is the longest mountain range?",0.0,0.0,Alps,Alps,0.0,0.0,Rocky Mountains,Rocky Mountains,0.0,0.0,Andes,Andes,0.0,0.0,Himalayas,Himalayas,0.0,0.0
image_158.png,True,,Muggle research has revealed that an Owl's head can rotate how many degrees?,Muggle research has revealed that an Owl's head can rotate how many degrees?,0.0,0.0,90°,90,0.3333333333333333,1.0,270°,270,0.25,1.0,360°,360,0.25,1.0,180°,180,0.25,1.0
image_159.png,True,,"The 2014 Quidditch World Cup was held in the Patagonian Desert. According to Muggle definitions, what is the climate there?","The 2014 Quidditch World Cup was held in the Patagonian Desert. According to Muggle definitions, what is the climate there?",0.0,0.0,Tropical Desert Climate,Tropical Desert Climate,0.0,0.0,Temperate Monsoon Climate,Temperate Monsoon Climate,0.0,0.0,Tropical Rainforest Climate,Tropical Rainforest Climate,0.0,0.0,Temperate Continental Climate,Temperate Continental Climate,0.0,0.0
image_16.png,True,,Who or what is a projector?,Who or what is a projector?,0.0,0.0,A Person Who Often Projects Their Feelings Onto Others,A Person Who Often Projects Their Feelings Onto Others,0.0,0.0,A Divination Device,A Divination Device,0.0,0.0,A Device That Projects Images Onto a Screen,A Device That Projects Images Onto a Screen,0.0,0.0,A Device That Reviews and Stores Memories,A Device That Reviews and Stores Memories,0.0,0.0
image_160.png,True,,"In contrast to the icicles that never melt in the Great Hall, at above what temperature does the ice in the Muggle world typically melt?","In contrast to the icicles that never melt in the Great Hall, at above what temperature does the ice in the Muggle world typically melt?",0.0,0.0,-10°C,-10C,0.2,1.0,5°C,5C,0.3333333333333333,1.0,15°C,15C,0.25,1.0,0°C,0C,0.3333333333333333,1.0
image_161.png,True,,What do Muggles use instead of Caterwauling Charms to protect their homes from burglars?,What do Muggles use instead of Caterwauling Charms to protect their homes from burglars?,0.0,0.0,Three-Headed Dogs,Three-Headed Dogs,0.0,0.0,Home Security Systems,Home Security Systems,0.0,0.0,Elaborate Traps,Elaborate Traps,0.0,0.0,Loud Birds,Loud Birds,0.0,0.0
image_162.png,True,,Who or what is a freezer?,Who or what is a freezer?,0.0,0.0,Someone Who Often Gives People the Cold Shoulder,Someone Who Often Gives People the Cold Shoulder,0.0,0.0,Someone Who Delivers Ice,Someone Who Delivers Ice,0.0,0.0,A Device That Stores Food in Very Cold Temperatures,A Device That Stores Food in Very Cold Temperatures,0.0,0.0,A Device That Encased Things in Ice,A Device That Encases Things in Ice,0.02857142857142857,0.14285714285714285
image_163.png,True,,What animal have Muggles been known to count when trying to get to sleep?,What animal have Muggles been known to count when trying to get to sleep?,0.0,0.0,Sheep,Sheep,0.0,0.0,Cats,Cats,0.0,0.0,Frogs,Frogs,0.0,0.0,Hippopotamuses,Hippopotamuses,0.0,0.0
image_164.png,True,,A motorised vehicle used for travelling through snow is called a what?,A motorised vehicle used for travelling through snow is called a what?,0.0,0.0,Snowcar,Snowcar,0.0,0.0,Snowmobile,Snowmobile,0.0,0.0,Frozen Flyer,Frozen Flyer,0.0,0.0,War Chariot,War Chariot,0.0,0.0
image_165.png,True,,Say a Muggle wants to go roller skating. What body part would they put the roller skates on?,Say a Muggle wants to go roller skating. What body part would they put the roller skates on?,0.0,0.0,Head,Head,0.0,0.0,Feet,Feet,0.0,0.0,Ears,Ears,0.0,0.0,Hands,Hands,0.0,0.0
image_166.png,True,,What is the primary function of a rubber duck?,What is the primary function of a rubber duck?,0.0,0.0,Musical Instrument,Musical Instrument,0.0,0.0,Bathtub Recreation,Bathtub Recreation,0.0,0.0,Companionship,Companionship,0.0,0.0,Self-Defence,Self-Defence,0.0,0.0
image_167.png,True,,What is a car?,What is a car?,0.0,0.0,An Ancient Form of Muggle Transportation,An Ancient Form of Muggle Transportation,0.0,0.0,"A Wheeled, Motorised Vehicle","A Wheeled, Motorised Vehicle",0.0,0.0,A Carriage Pulled by Thestrals,A Carriage Pulled by Thestrals,0.0,0.0,"A Gasoline-Drinking, Metal Beast","A Gasoline-Drinking, Metal Beast",0.0,0.0
image_168.png,True,,The Minister of Magic visits which Muggle official in the UK?,The Minister of Magic visits which Muggle official in the UK?,0.0,0.0,The Prime Minister,The Prime Minister,0.0,0.0,Leader of the House of Lords,Leader of the House of Lords,0.0,0.0,The Monarch,The Monarch,0.0,0.0,Leader of the House of Commons,Leader of the House of Commons,0.0,0.0
image_169.png,True,,What body part do Muggles put headphones on?,What body part do Muggles put headphones on?,0.0,0.0,Eyes,Eyes,0.0,0.0,Mouth,Mouth,0.0,0.0,Neck,Neck,0.0,0.0,Ears,Ears,0.0,0.0
image_17.png,True,,What is the primary purpose of a chainsaw?,What is the primary purpose of a chainsaw?,0.0,0.0,Cutting Chains,Cutting Chains,0.0,0.0,Making Armour,Making Armour,0.0,0.0,Making Chains,Making Chains,0.0,0.0,Felling Trees,Felling Trees,0.0,0.0
image_170.png,True,,The Muggle Protection Act was designed to protect Muggles from what?,The Muggle Protection Act was designed to protect Muggles from what?,0.0,0.0,Dark Wizards,Dark Wizards,0.0,0.0,Dangerous Magical Creatures,Dangerous Magical Creatures,0.0,0.0,Harmful Magical Artefacts,Harmful Magical Artefacts,0.0,0.0,Errant Bludgers,Errant Bludgers,0.0,0.0
image_171.png,True,,Who or what is a robot?,Who or what is a robot?,0.0,0.0,A Machine That Replaces Human Effort,A Machine That Replaces Human Effort,0.0,0.0,A Muggle With a Lot of Metal Implants,A Muggle With a Lot of Metal Implants,0.0,0.0,A Device for Robbing People,A Device for Robbing People,0.0,0.0,A Muggle With Bad Dance Moves,A Muggle With Bad Dance Moves,0.0,0.0
image_172.png,True,,"When in Muggle public, the International Statute of Wizarding Secrecy requires that Wizards wear Muggle clothing that fits all but which of the following criteria?","When in Muggle public, the International Statute of Wizarding Secrecy requires that Wizards wear Muggle clothing that fits all but which of the following criteria?",0.0,0.0,They're Geographically and Culturally Relevant,They're Geographically and Culturally Relevant,0.0,0.0,They're Appropriate for the Climate,They're Appropriate for the Climate,0.0,0.0,They Fit the Occasion,They Fit the Occasion,0.0,0.0,They're Stylish,They're Stylish,0.0,0.0
image_173.png,True,,What is a car park?,What is a car park?,0.0,0.0,A Place Where Automobiles Play,A Place Where Automobiles Play,0.0,0.0,A Place for Racing Automobiles,A Place for Racing Automobiles,0.0,0.0,A Place Where Automobiles Are Repaired,A Place Where Automobiles Are Repaired,0.0,0.0,A Place for Storing Automobiles,A Place for Storing Automobiles,0.0,0.0
image_174.png,True,,Which of the following is NOT a form of Muggle trading card?,Which of the following is NOT a form of Muggle trading card?,0.0,0.0,Sports Trading Cards,Sports Trading Cards,0.0,0.0,Chocolate Frog Cards,Chocolate Frog Cards,0.0,0.0,Autograph Cards,Autograph Cards,0.0,0.0,Memorabilia Cards,Memorabilia Cards,0.0,0.0
image_175.png,True,,Which of the following is a common Muggle expression?,Which of the following is a common Muggle expression?,0.0,0.0,'Erumpent in the Room','Erumpent in the Room',0.0,0.0,'Kneazle's Out of the Bag',Kneazle's Out of the Bag',0.038461538461538464,0.2,'Leave No Cauldron Unturned','Leave No Cauldron Unturned,0.03571428571428571,0.25,'Get a Taste of Your Own Medicine',Get a Taste of Your Own Medicine,0.058823529411764705,0.2857142857142857
image_176.png,True,,"Muggles call the highest latitude that direct sunlight can reach a ""tropic"". What is the latitude of the tropics?",Muggles call the highest latitude that direct sunlight can reach a tropic' What is the latitude of the tropics?,0.02654867256637168,0.05263157894736842,21°25',2125,0.3333333333333333,1.0,23°26',2326,0.3333333333333333,1.0,27°22',2722',0.16666666666666666,1.0,24°24',2424',0.16666666666666666,1.0
image_177.png,True,,"The music often played at Muggle weddings, A Midsummer Night's Dream, is the work of which musician?","The music often played at Muggle weddings, A Midsummer Night's Dream, is the work of which musician?",0.0,0.0,Tchaikovsky,Tchaikovsky,0.0,0.0,Liszt,Liszt,0.0,0.0,Mozart,Mozart,0.0,0.0,Mendelssohn,Mendelssohn,0.0,0.0
image_178.png,True,,What is the distance between the Moon and Earth when they are at their furthest from each other?,What is the distance between the Moon and Earth when they are at their furthest from each other?,0.0,0.0,"363,104 Kilometres","363, 104 Kilometres",0.05555555555555555,1.0,"405,696 Kilometres","405, 696 Kilometres",0.05555555555555555,1.0,"492,314 Kilometres","492, 314 Kilometres",0.05555555555555555,1.0,"379,110 Kilometres","379, 110 Kilometres",0.05555555555555555,1.0
image_179.png,True,,"The rules of Wizard's Chess are similar to those for Muggle chess. On this basis, what is the total number of pieces in Muggle chess?","The rules of Wizard's Chess are similar to those for Muggle chess. On this basis, what is the total number of pieces in Muggle chess?",0.0,0.0,64,64,0.0,0.0,16,16,0.0,0.0,40,40,0.0,0.0,32,32,0.0,0.0
image_18.png,True,,What magical creatures are to blame for the sudden failure of new Muggle electrical goods?,What magical creatures are to blame for the sudden failure of new Muggle electrical goods?,0.0,0.0,Chizpurfles,Chizpurfles,0.0,0.0,Clabberts,Clabberts,0.0,0.0,Augureys,Augureys,0.0,0.0,Horklumps,Horklumps,0.0,0.0
image_180.png,True,,The MB is a storage unit used by Muggles in the field of computers. How many KB are there in 1 MB?,The MB is a storage unit used by Muggles in the field of computers. How many KB are there in 1 MB?,0.0,0.0,1026,1026,0.0,0.0,648,648,0.0,0.0,2048,2048,0.0,0.0,1024,1024,0.0,0.0
image_181.png,True,,Which of the following is NOT slang for a non-magical person who was born to non-magical parents?,Which of the following is NOT slang for a non-magical person who was born to non-magical parents?,0.0,0.0,No-Maj,No-Maj,0.0,0.0,Squib,Squib,0.0,0.0,Non-Magique,Non-Magique,0.0,0.0,Can't-Spell,Can't-Spell,0.0,0.0
image_19.png,True,,In which Muggle sport does one 'hit a home run'?,In which Muggle sport does one 'hit a home run'?,0.0,0.0,Baseball,Baseball,0.0,0.0,Basketball,Basketball,0.0,0.0,Football,Football,0.0,0.0,Cricket,Cricket,0.0,0.0
image_20.png,True,,An International Task Force was permanently stationed in Tibet due to frequent Muggle sightings of what magical creature?,An International Task Force was permanently stationed in Tibet due to frequent Muggle sightings of what magical creature?,0.0,0.0,Erkling,Erkling,0.0,0.0,Wampus Cat,Wampus Cat,0.0,0.0,Tebo,Tebo,0.0,0.0,Yeti,Yeti,0.0,0.0
image_21.png,True,,Which of the following would NOT be a section in a Muggle newspaper?,Which of the following would NOT be a section in a Muggle newspaper?,0.0,0.0,Sports,Sports,0.0,0.0,National News,National News,0.0,0.0,Classifieds,Classifieds,0.0,0.0,Showizbiz,Showizbiz,0.0,0.0
image_22.png,True,,Which of the following is NOT a Muggle educational institution?,Which of the following is NOT a Muggle educational institution?,0.0,0.0,Circus,Circus,0.0,0.0,Primary School,Primary School,0.0,0.0,University,University,0.0,0.0,High School,High School,0.0,0.0
image_23.png,True,,What do Muggles from London call their rapid transit system?,What do Muggles from London call their rapid transit system?,0.0,0.0,The Flume,The Flume,0.0,0.0,The Tube,The Tube,0.0,0.0,The Pipe,The Pipe,0.0,0.0,The Floo Network,The Floo Network,0.0,0.0
image_24.png,True,,What is a drain snake?,What is a drain snake?,0.0,0.0,A Tool Used to Dislodge Plumbing Clogs,A Tool Used to Dislodge Plumbing Clogs,0.0,0.0,An Unscrupulous Plumber,An Unscrupulous Plumber,0.0,0.0,A Serpent That Lives in Plumbing,A Serpent That Lives in Plumbing,0.0,0.0,A Hose,A Hose,0.0,0.0
image_25.png,True,,Basketball players score by shooting what into what?,Basketball players score by shooting what into what?,0.0,0.0,A Ball Into a High Basket,A Ball Into a High Basket,0.0,0.0,A Bat Into a Basket,A Bat Into a Basket,0.0,0.0,A Puck Into a Pillowcase,A Puck Into a Pillowcase,0.0,0.0,A Ball Into a Bathtub,A Ball Into a Bathtub,0.0,0.0
image_26.png,True,,What is the function of a rubber chicken?,What is the function of a rubber chicken?,0.0,0.0,Displaying as Fine Art,Displaying as Fine Art,0.0,0.0,Producing Rubber Eggs,Producing Rubber Eggs,0.0,0.0,Feeding Vegetarians,Feeding Vegetarians,0.0,0.0,Serving as a Comedic Prop,Serving as a Comedic Prop,0.0,0.0
image_27.png,True,,"If a Muggle wanted to light up a dark space, what might they use?","If a Muggle wanted to light up a dark space, what might they use?",0.0,0.0,The Wand-Lighting Charm,The Wand-Lighting Charm,0.0,0.0,A Flashlight,A Flashlight,0.0,0.0,Bioluminescence,Bioluminescence,0.0,0.0,A Router,A Router,0.0,0.0
image_28.png,True,,What is a battery?,What is a battery?,0.0,0.0,A Home for Bats,A Home for Bats,0.0,0.0,A Violent Crime,A Violent Crime,0.0,0.0,A Source of Electric Power,A Source of Electric Power,0.0,0.0,A Muggle Pet That Dies Easily,A Muggle Pet That Dies Easily,0.0,0.0
image_29.png,True,,Which of the following is NOT slang for a non-magical person who was born to non-magical parents?,Which of the following is NOT slang for a non-magical person who was born to non-magical parents?,0.0,0.0,Squib,Squib,0.0,0.0,No-Maj,No-Maj,0.0,0.0,Non-Magique,Non-Magique,0.0,0.0,Can't-Spell,Can't-Spell,0.0,0.0
image_30.png,True,,Which of the following is NOT a way Muggles celebrate Hallowe'en?,Which of the following is NOT a way Muggles celebrate Hallowe'en?,0.0,0.0,Making Mischief,Making Mischief,0.0,0.0,Going Door to Door for Treats,Going Door to Door for Treats,0.0,0.0,Dressing Up in Costumes,Dressing Up in Costumes,0.0,0.0,Decorating Eggs,Decorating Eggs,0.0,0.0
image_31.png,True,,What Ministry office works with the Muggle Prime Minister to cover up the worst Statute of Secrecy-breaking incidents?,What Ministry office works with the Muggle Prime Minister to cover up the worst Statute of Secrecy-breaking incidents?,0.0,0.0,The Office of Misinformation,The Office of Misinformation,0.0,0.0,The Improper Use of Magic Office,The Improper Use of Magic Office,0.0,0.0,The Muggle-Worthy Excuse Committee,The Muggle-Worthy Excuse Committee,0.0,0.0,The Muggle Liaison Office,The Muggle Liaison Office,0.0,0.0
image_32.png,True,,"If a Muggle wanted to light a fire, which of the following might they use?","If a Muggle wanted to light a fire, which of the following might they use?",0.0,0.0,An Oven,An Oven,0.0,0.0,A Match,A Match,0.0,0.0,A Microwave,A Microwave,0.0,0.0,The Fire-Making Spell,The Fire-Making Spell,0.0,0.0
image_33.png,True,,What is dental floss used for?,What is dental floss used for?,0.0,0.0,Catching Fish,Catching Fish,0.0,0.0,Decorating Teeth,Decorating Teeth,0.0,0.0,Repairing Teeth,Repairing Teeth,0.0,0.0,Cleaning Teeth,Cleaning Teeth,0.0,0.0
image_34.png,True,,Some Wizards and Muggles need to wear glasses to correct their vision. What is the principle of myopia glasses?,Some Wizards and Muggles need to wear glasses to correct their vision. What is the principle of myopia glasses?,0.0,0.0,Mirror of Erised,Mirror of Erised,0.0,0.0,Concave Lenses,Concave Lenses,0.0,0.0,Flat Lenses,Flat Lenses,0.0,0.0,Convex Lenses,Convex Lenses,0.0,0.0
image_35.png,True,,Muggles have found that what time of day is generally the warmest?,Muggles have found that what time of day is generally the warmest?,0.0,0.0,10 AM,10 AM,0.0,0.0,2 PM,2 PM,0.0,0.0,4 PM,4 PM,0.0,0.0,12 PM,12 PM,0.0,0.0
image_36.png,True,,Cola is one of the favourite beverages of Muggles. Do you know what is added to cola to make it bubbly?,Cola is one of the favourite beverages of Muggles. Do you know what is added to cola to make it bubbly?,0.0,0.0,Carbon Monoxide,Carbon Monoxide,0.0,0.0,Carbon Dioxide,Carbon Dioxide,0.0,0.0,Drooble's Best Blowing Gum,Drooble's Best Blowing Gum,0.0,0.0,Chocolate Frogs,Chocolate Frogs,0.0,0.0
image_37.png,True,,Muggles often use generators to generate energy. Who invented the world's first generator?,Muggles often use generators to generate energy. Who invented the world's first generator?,0.0,0.0,Siemens,Siemens,0.0,0.0,Bell,Bell,0.0,0.0,Edison,Edison,0.0,0.0,Faraday,Faraday,0.0,0.0
image_38.png,True,,Which of the following Magical Creatures frequently appear in Muggle children's stories and legends?,Which of the following Magical Creatures frequently appear in Muggle children's stories and legends?,0.0,0.0,Nifflers,Nifflers,0.0,0.0,Lobalugs,Lobalugs,0.0,0.0,Leprechauns,Leprechauns,0.0,0.0,Graphorns,Graphorns,0.0,0.0
image_39.png,True,,"According to Muggle observations, which of the following planets does not have a moon?","According to Muggle observations, which of the following planets does not have a moon?",0.0,0.0,Mercury,Mercury,0.0,0.0,Earth,Earth,0.0,0.0,Saturn,Saturn,0.0,0.0,Jupiter,Jupiter,0.0,0.0
image_40.png,True,,Which of the following has a magical effect that has not been duplicated with Muggle technology?,Which of the following has a magical effect that has not been duplicated with Muggle technology?,0.0,0.0,No-Iron Robe,No-Iron Robe,0.0,0.0,Omnioculars,Omnioculars,0.0,0.0,Pensieve,Pensieve,0.0,0.0,Mrs Skower's All-Purpose Magical Mess Remover,Mrs Skower's All-Purpose Magical Mess Remover,0.0,0.0
image_41.png,True,,Who or what is a plunger?,Who or what is a plunger?,0.0,0.0,A Muggle Who Works in the Sewers,A Muggle Who Works in the Sewers,0.0,0.0,A Device Used to Clear Pipes,A Device Used to Clear Pipes,0.0,0.0,A Muggle Beverage,A Muggle Beverage,0.0,0.0,A Deep Sea Fish,A Deep Sea Fish,0.0,0.0
image_42.png,True,,What do Muggles use egg beaters for?,What do Muggles use egg beaters for?,0.0,0.0,Mixing Eggs,Mixing Eggs,0.0,0.0,Massaging Feet,Massaging Feet,0.0,0.0,Flying,Flying,0.0,0.0,Curling Hair,Curling Hair,0.0,0.0
image_43.png,True,,Automobiles are powered by all but which of the following?,Automobiles are powered by all but which of the following?,0.0,0.0,Electricity,Electricity,0.0,0.0,Chocolate,Chocolate,0.0,0.0,Ethanol,Ethanol,0.0,0.0,Gasoline,Gasoline,0.0,0.0
image_44.png,True,,How might a Muggle use a microwave?,How might a Muggle use a microwave?,0.0,0.0,To Destroy Curses,To Destroy Curses,0.0,0.0,To Examine Their Appearance,To Examine Their Appearance,0.0,0.0,To Charge Their Electronics,To Charge Their Electronics,0.0,0.0,To Heat Their Food,To Heat Their Food,0.0,0.0
image_45.png,True,,What handy tool allows Muggles to electronically track their location?,What handy tool allows Muggles to electronically track their location?,0.0,0.0,Homing Pigeon,Homing Pigeon,0.0,0.0,Satellite Navigation,Satellite Navigation,0.0,0.0,Compass,Compass,0.0,0.0,Tracking Spell,Tracking Spell,0.0,0.0
image_46.png,True,,What do Muggles mistake Knarls for?,What do Muggles mistake Knarls for?,0.0,0.0,Hedgehogs,Hedgehogs,0.0,0.0,Crabs,Crabs,0.0,0.0,Echidnas,Echidnas,0.0,0.0,Mice,Mice,0.0,0.0
image_47.png,True,,What do Muggles use cocktail umbrellas for?,What do Muggles use cocktail umbrellas for?,0.0,0.0,As Wands,As Wands,0.0,0.0,Shielding Drinks From the Rain,Shielding Drinks From the Rain,0.0,0.0,Garnishing Drinks,Garnishing Drinks,0.0,0.0,Transporting Themselves to Tropical Islands,Transporting Themselves to Tropical Islands,0.0,0.0
image_48.png,True,,What is a car?,What is a car?,0.0,0.0,A Carriage Pulled by Thestrals,A Carriage Pulled by Thestrals,0.0,0.0,"A Wheeled, Motorised Vehicle","A Wheeled, Motorised Vehicle",0.0,0.0,"A Gasoline-Drinking, Metal Beast","A Gasoline-Drinking, Metal Beast",0.0,0.0,An Ancient Form of Muggle Transportation,An Ancient Form of Muggle Transportation,0.0,0.0
image_49.png,True,,What do Muggles use stereos for?,What do Muggles use stereos for?,0.0,0.0,Annoying Their Neighbours,Annoying Their Neighbours,0.0,0.0,Keeping Their Eyes Open,Keeping Their Eyes Open,0.0,0.0,Listening to Music,Listening to Music,0.0,0.0,Helping Them Climb Stairs,Helping Them Climb Stairs,0.0,0.0
image_50.png,True,,What is a supermarket?,What is a supermarket?,0.0,0.0,A Store That Sells Potions,A Store That Sells Potions,0.0,0.0,A Store That Sells Items for Giants,A Store That Sells Items for Giants,0.0,0.0,A Store That Sells Food,A Store That Sells Food,0.0,0.0,A Store That Sells Cars,A Store That Sells Cars,0.0,0.0
image_51.png,True,,Ilvermorny Castle is concealed from Muggle eyes by an enchantment that manifests as what?,Ilvermorny Castle is concealed from Muggle eyes by an enchantment that manifests as what?,0.0,0.0,A Rocky Outcrop,A Rocky Outcrop,0.0,0.0,A Never-Ending Electrical Storm,A Never-Ending Electrical Storm,0.0,0.0,"A Giant, Overgrown Forest","A Giant, Overgrown Forest",0.0,0.0,A Wreath of Misty Cloud,A-Wreath-of Misty Cloud,0.08695652173913043,0.6
image_52.png,True,,Who or what is a pressure cooker?,Who or what is a pressure cooker?,0.0,0.0,A Device That Squeezes Juices Out of Food,A Device That Squeezes Juices Out of Food,0.0,0.0,A Device That Flattens Food,A Device That Flattens Food,0.0,0.0,A Device That Uses Steam Pressure to Cook Food,A Device That Uses Steam Pressure to Cook Food,0.0,0.0,A Muggle Chef Who Is Under a Lot of Stress,A Muggle Chef Who Is Under a Lot of Stress,0.0,0.0
image_53.png,True,,Which of the following is a work by the Muggle musician Beethoven?,Which of the following is a work by the Muggle musician Beethoven?,0.0,0.0,Pathétique Symphony,Pathtique Symphony,0.05263157894736842,0.5,The Blue Danube,The Blue Danube,0.0,0.0,Le Nozze di Figaro,Le Nozze di Figaro,0.0,0.0,Moonlight Sonata,Moonlight Sonata,0.0,0.0
image_54.png,True,,When was the first mobile phone debuted?,When was the first mobile phone debuted?,0.0,0.0,1968,1968,0.0,0.0,1992,1992,0.0,0.0,1985,1985,0.0,0.0,1973,1973,0.0,0.0
image_55.png,True,,Which of the following is NOT a famous Muggle artist from the Renaissance era?,Which of the following is NOT a famous Muggle artist from the Renaissance era?,0.0,0.0,Michelangelo,Michelangelo,0.0,0.0,Leonardo da Vinci,Leonardo da Vinci,0.0,0.0,Raphael,Raphael,0.0,0.0,Nicolas Flamel,Nicolas Flamel,0.0,0.0
image_56.png,True,,What is a skipping rope?,What is a skipping rope?,0.0,0.0,A Tool for Skiving Class,A Tool for Skiving Class,0.0,0.0,A Piece of Exercise Equipment,A Piece of Exercise Equipment,0.0,0.0,A Rope That's Been Divided Into Segments,A Rope That's Been Divided Into Segments,0.0,0.0,A Rope Enchanted to Skip,A Rope Enchanted to Skip,0.0,0.0
image_57.png,True,,What Muggle mathematician and physicist discovered the laws of gravity?,What Muggle mathematician and physicist discovered the laws of gravity?,0.0,0.0,Albert Einstein,Albert Einstein,0.0,0.0,Stephen Hawking,Stephen Hawking,0.0,0.0,Galileo Galilei,Galileo Galilei,0.0,0.0,Isaac Newton,Isaac Newton,0.0,0.0
image_58.png,True,,Which instrument allows Muggles to examine objects that are too small to be seen by the naked eye?,Which instrument allows Muggles to examine objects that are too small to be seen by the naked eye?,0.0,0.0,Sneakoscope,Sneakoscope,0.0,0.0,Trombone,Trombone,0.0,0.0,Telescope,Telescope,0.0,0.0,Microscope,Microscope,0.0,0.0
image_59.png,True,,Kneazles resemble what non-magical animals?,Kneazles resemble what non-magical animals?,0.0,0.0,Hamsters,Hamsters,0.0,0.0,Dogs,Dogs,0.0,0.0,Horses,Horses,0.0,0.0,Cats,Cats,0.0,0.0
image_60.png,True,,Who or what is a television?,Who or what is a television?,0.0,0.0,A Muggle With Really Good Eyesight,A Muggle With Really Good Eyesight,0.0,0.0,A Device That Enables the User to See Through Walls,ADevice That Enables the User to See Through Walls,0.0196078431372549,0.2,A Device That Enables the User to Eat Food Across Long Distances,A Device That Enables the User to Eat Food Across Long Distances,0.0,0.0,A Device That Recieves and Reproduces Broadcast Signals,A Device That Recieves and Reproduces Broadcast Signals,0.0,0.0
image_61.png,True,,Which of the following is NOT a Muggle educational institution?,Which of the following is NOT a Muggle educational institution?,0.0,0.0,Primary School,Primary School,0.0,0.0,University,University,0.0,0.0,Circus,Circus,0.0,0.0,High School,High School,0.0,0.0
image_62.png,True,,What is the Muggle currency of the United Kingdom?,What is the Muggle currency of the United Kingdom?,0.0,0.0,The Euro,The Euro,0.0,0.0,The Dollar,The Dollar,0.0,0.0,The Franc,The Franc,0.0,0.0,The Pound,The Pound,0.0,0.0
image_63.png,True,,What is dental floss used for?,What is dental floss used for?,0.0,0.0,Catching Fish,Catching Fish,0.0,0.0,Decorating Teeth,Decorating Teeth,0.0,0.0,Repairing Teeth,Repairing Teeth,0.0,0.0,Cleaning Teeth,Cleaning Teeth,0.0,0.0
image_64.png,True,,Who or what is a satellite?,Who or what is a satellite?,0.0,0.0,A Spacecraft Put Into Orbit,A Spacecraft Put Into Orbit,0.0,0.0,A Type of Lightweight Chair,A Type of Lightweight Chair,0.0,0.0,A Person Who Loves to Micromanage,A Person Who Loves to Micromanage,0.0,0.0,A Machine That Spreads Rumours,A Machine That Spreads Rumours,0.0,0.0
image_65.png,True,,"What sport is played with bats, stumps, and bails?","What sport is played with bats, stumps, and bails?",0.0,0.0,Cricket,Cricket,0.0,0.0,Volleyball,Volleyball,0.0,0.0,Rugby,Rugby,0.0,0.0,Baseball,Baseball,0.0,0.0
image_66.png,True,,"If a Muggle wanted to change the colour of their hair, what would they use?","If a Muggle wanted to change the colour of their hair, what would they use?",0.0,0.0,Food Colouring,Food Colouring,0.0,0.0,Colour Change Charm,Colour Change Charm,0.0,0.0,Paint,Paint,0.0,0.0,Hair Dye,Hair Dye,0.0,0.0
image_67.png,True,,What is the primary purpose of a chainsaw?,What is the primary purpose of a chainsaw?,0.0,0.0,Making Chains,Making Chains,0.0,0.0,Cutting Chains,Cutting Chains,0.0,0.0,Making Armour,Making Armour,0.0,0.0,Felling Trees,Felling Trees,0.0,0.0
image_68.png,True,,Which of the following is NOT a piece of computer hardware?,Which of the following is NOT a piece of computer hardware?,0.0,0.0,Mouse,Mouse,0.0,0.0,Piano,Piano,0.0,0.0,Monitor,Monitor,0.0,0.0,Keyboard,Keyboard,0.0,0.0
image_69.png,True,,What is a Trampoline used for?,What is a Trampoline used for?,0.0,0.0,Spying on Neighbour's Gardens,Spying on Neighbour's Gardens,0.0,0.0,Flattening Garden Soil,Flattening Garden Soil,0.0,0.0,Bouncing Oneself Into the Air,Bouncing Oneself Into the Air,0.0,0.0,Teaching Children How to Levitate,Teaching Children How to Levitate,0.0,0.0
image_70.png,True,,Which of the following is NOT a branch of the Muggle engineering profession?,Which of the following is NOT a branch of the Muggle engineering profession?,0.0,0.0,Animal,Animal,0.0,0.0,Mechanical,Mechanical,0.0,0.0,Environmental,Environmental,0.0,0.0,Civil,Civil,0.0,0.0
image_71.png,True,,Which of the following is NOT a branch of the Muggle engineering profession?,Which of the following is NOT a branch of the Muggle engineering profession?,0.0,0.0,Mechanical,Mechanical,0.0,0.0,Civil,Civil,0.0,0.0,Environmental,Environmental,0.0,0.0,Animal,Animal,0.0,0.0
image_72.png,True,,Which of the following is NOT a source of Muggle energy?,Which of the following is NOT a source of Muggle energy?,0.0,0.0,Lightning Power,Lightning Power,0.0,0.0,Solar Power,Solar Power,0.0,0.0,Wind Power,Wind Power,0.0,0.0,Fossil Fuels,Fossil Fuels,0.0,0.0
image_73.png,True,,Which of the following is NOT a famous Muggle artist from the Renaissance era?,Which of the following is NOT a famous Muggle artist from the Renaissance era?,0.0,0.0,Leonardo da Vinci,Leonardo da Vinci,0.0,0.0,Michelangelo,Michelangelo,0.0,0.0,Nicolas Flamel,Nicolas Flamel,0.0,0.0,Raphael,Raphael,0.0,0.0
image_74.png,True,,Muggles place statues of what magical creature in their gardens?,Muggles place statues of what magical creature in their gardens?,0.0,0.0,Red Cap,Red Cap,0.0,0.0,Gnome,Gnome,0.0,0.0,Nifflers,Nifflers,0.0,0.0,Bowtruckles,Bowtruckles,0.0,0.0
image_75.png,True,,Which of the following would NOT be appropriate to wear to a white tie Muggle event?,Which of the following would NOT be appropriate to wear to a white tie Muggle event?,0.0,0.0,Cut-Offs,Cut-Offs,0.0,0.0,Dinner Suit,Dinner Suit,0.0,0.0,Bow Tie,Bow Tie,0.0,0.0,Evening Gown,Evening Gown,0.0,0.0
image_76.png,True,,What do Muggles use treadmills for?,What do Muggles use treadmills for?,0.0,0.0,Grinding Spices,Grinding Spices,0.0,0.0,Making Tyres,Making Tyres,0.0,0.0,Getting Exercise,Getting Exercise,0.0,0.0,Grinding Rubber,Grinding Rubber,0.0,0.0
image_77.png,True,,What Muggle technology virtually simulates environments?,What Muggle technology virtually simulates environments?,0.0,0.0,BR,BR,0.0,0.0,HR,HR,0.0,0.0,VR,VR,0.0,0.0,TV,TV,0.0,0.0
image_78.png,True,,Which of the following is NOT a way Muggles celebrate Hallowe'en?,Which of the following is NOT a way Muggles celebrate Hallowe'en?,0.0,0.0,Decorating Eggs,Decorating Eggs,0.0,0.0,Dressing Up in Costumes,Dressing Up in Costumes,0.0,0.0,Going Door to Door for Treats,Going Door to Door for Treats,0.0,0.0,Making Mischief,Making Mischief,0.0,0.0
image_79.png,True,,What magical creatures are to blame for the sudden failure of new Muggle electrical goods?,What magical creatures are to blame for the sudden failure of new Muggle electrical goods?,0.0,0.0,Augureys,Augureys,0.0,0.0,Clabberts,Clabberts,0.0,0.0,Horklumps,Horklumps,0.0,0.0,Chizpurfles,Chizpurfles,0.0,0.0
image_80.png,True,,Who or what is a plunger?,Who or what is a plunger?,0.0,0.0,A Muggle Beverage,A Muggle Beverage,0.0,0.0,A Deep Sea Fish,A Deep-Sea Fish,0.06666666666666667,0.5,A Muggle Who Works in the Sewers,A Muggle Who Works in the Sewers,0.0,0.0,A Device Used to Clear Pipes,A Device Used to Clear Pipes,0.0,0.0
image_81.png,True,,Which of the following is NOT a popular Muggle pastime?,Which of the following is NOT a popular Muggle pastime?,0.0,0.0,Bird Watching,Bird Watching,0.0,0.0,Playing With Model Trains,Playing With Model Trains,0.0,0.0,Collecting Plugs,Collecting Plugs,0.0,0.0,Maintaining Their Lawns,Maintaining Their Lawns,0.0,0.0
image_82.png,True,,Which of the following is NOT a popular Muggle pastime?,Which of the following is NOT a popular Muggle pastime?,0.0,0.0,Playing With Model Trains,Playing With Model Trains,0.0,0.0,Bird Watching,Bird Watching,0.0,0.0,Maintaining Their Lawns,Maintaining Their Lawns,0.0,0.0,Collecting Plugs,Collecting Plugs,0.0,0.0
image_83.png,True,,What do Muggles use to determine the location of a person?,What do Muggles use to determine the location of a person?,0.0,0.0,Interception System,Interception System,0.0,0.0,Mirror of Erised,Mirror of Erised,0.0,0.0,Satellite Navigation,Satellite Navigation,0.0,0.0,Marauder's Map,Marauder's Map,0.0,0.0
image_84.png,True,,Music is a favourite of Muggles. Which city is known as the 'music capital' of the world?,"Music is a favourite of Muggles. Which city is known as the music capital"" of fthe world?",0.033707865168539325,0.17647058823529413,London,London,0.0,0.0,Vienna,Vienna,0.0,0.0,Zurich,Zurich,0.0,0.0,Milan,Milan,0.0,0.0
image_85.png,True,,Harry Potter started at Hogwarts in 1991. Which of the following is the leap year Harry spent at school?,Harry Potter started at Hogwarts in 1991. Which of the following is the leap year Harry spent at school?,0.0,0.0,1991,1991,0.0,0.0,1994,1994,0.0,0.0,1993,1993,0.0,0.0,1992,1992,0.0,0.0
image_86.png,True,,"According to Muggle astronomy, which of the following planets has the longest orbital period?","According to Muggle astronomy, which of the following planets has the longest orbital period?",0.0,0.0,Saturn,Saturn,0.0,0.0,Uranus,Uranus,0.0,0.0,Mercury,Mercury,0.0,0.0,Neptune,Neptune,0.0,0.0
image_87.png,True,,Some Muggles use a pressure cooker to cook rice. What is the principle behind a pressure cooker?,Some Muggles use a pressure cooker to cook rice. What is the principle behind a pressure cooker?,0.0,0.0,Pressure Rises and Boiling Point Rises,Pressure Rises and Boiling Point Rises,0.0,0.0,Pressure Rises and Boiling Point Remains the Same,Pressure Rises and Boiling Point Remains the Same,0.0,0.0,Pressure Rises and Boiling Point Decreases,Pressure Rises and Boiling Point Decreases,0.0,0.0,The Pressure Cooker Is Under a Spell,The Pressure Cooker Is Under a Spell,0.0,0.0
image_88.png,True,,Muggle scientists discovered that copper turns green because?,Muggle scientists discovered that copper turns green because?,0.0,0.0,Copper Is a Reactive Metal,Copper Is a Reactive Metal,0.0,0.0,Copper Can Conduct Electricity,Copper Can Conduct Electricity,0.0,0.0,Copper Oxidises,Copper Oxidises,0.0,0.0,Copper Reacts With Sulphur,Copper Reacts With Sulphur,0.0,0.0
image_89.png,True,,What do Muggles use to light up dark spaces?,What do Muggles use to light up dark spaces?,0.0,0.0,A Torch,A Torch,0.0,0.0,Bioluminescence,Bioluminescence,0.0,0.0,The Wand-Lighting Charm,The Wand-Lighting Charm,0.0,0.0,A Router,A Router,0.0,0.0
image_90.png,True,,What Muggle inventor created the first four-wheeled automobile with a high-speed gasoline engine?,What Muggle inventor created the first four-wheeled automobile with a high-speed gasoline engine?,0.0,0.0,Robert Anderson,Robert Anderson,0.0,0.0,Gottlieb Daimler,Gottlieb Daimler,0.0,0.0,Nicolas-Joseph Cugnot,Nicolas-Joseph Cugnot,0.0,0.0,Karl Benz,Karl Benz,0.0,0.0
image_91.png,True,,Which of the following do Muggles not use to light a room?,Which of the following do Muggles not use to light a room?,0.0,0.0,A Firefly,A Firefly,0.0,0.0,A Lamp,A Lamp,0.0,0.0,A Fireplace,A Fireplace,0.0,0.0,A Skylight,A Skylight,0.0,0.0
image_92.png,True,,What is a 'selfie'?,What is a 'selfie'?,0.0,0.0,A Selfish Person,A Selfish Person,0.0,0.0,A Shovel,A Shovel,0.0,0.0,A Shellfish,A Shellfish,0.0,0.0,A Self-Portrait Photograph,A Self-Portrait Photograph,0.0,0.0
image_93.png,True,,What is the Muggle study of living things and their vital processes?,What is the Muggle study of living things and their vital processes?,0.0,0.0,Biology,Biology,0.0,0.0,Astrology,Astrology,0.0,0.0,Chemistry,Chemistry,0.0,0.0,Mathematics,Mathematics,0.0,0.0
image_94.png,True,,What must Muggles do before mailing their post to ensure it's delivered?,What must Muggles do before mailing their post to ensure it's delivered?,0.0,0.0,Choose a Suitable Owl,Choose a Suitable Owl,0.0,0.0,Attach a Stamp,Attach a Stamp,0.0,0.0,Do the Hokey Pokey,Do the Hokey Pokey,0.0,0.0,Bribe a Postman,Bribe a Postman,0.0,0.0
image_95.png,True,,What do Muggles use stereos for?,What do Muggles use stereos for?,0.0,0.0,Helping Them Climb Stairs,Helping Them Climb Stairs,0.0,0.0,Listening to Music,Listening to Music,0.0,0.0,Keeping Their Eyes Open,Keeping Their Eyes Open,0.0,0.0,Annoying Their Neighbours,Annoying Their Neighbours,0.0,0.0
image_96.png,True,,What do field hockey players chase with sticks?,What do field hockey players chase with sticks?,0.0,0.0,A Puck,A Puck,0.0,0.0,A Ball,A Ball,0.0,0.0,A Golden Snitch,A Golden Snitch,0.0,0.0,A Mouse,A Mouse,0.0,0.0
image_97.png,True,,Which of the following is NOT a feature of Muggle chewing gum?,Which of the following is NOT a feature of Muggle chewing gum?,0.0,0.0,Capable of Producing Bubbles,Capable of Producing Bubbles,0.0,0.0,Comes in a Variety of Flavours,Comes in a Variety of Flavours,0.0,0.0,Has Sugar-Free Versions,Has Sugar-Free Versions,0.0,0.0,Never Loses Its Flavour,Never Loses Its Flavour,0.0,0.0
image_98.png,True,,Which of the following is NOT a popular Muggle dance?,Which of the following is NOT a popular Muggle dance?,0.0,0.0,Wollongong Shimmy,Wollongong Shimmy,0.0,0.0,The Tango,The Tango,0.0,0.0,The Charleston,The Charleston,0.0,0.0,The Macarena,The Macarena,0.0,0.0
image_99.png,True,,Say you want to make small talk with a Muggle. Which of the following topics should you avoid?,Say you want to make small talk with a Muggle. Which of the following topics should you avoid?,0.0,0.0,Last Night's Quidditch Match,Last Night's Quidditch Match,0.0,0.0,A New Restaurant They've Tried,A New Restaurant They've Tried,0.0,0.0,Their Family's Health,Their Family's Health,0.0,0.0,The Weather,The Weather,0.0,0.0
